<?xml version="1.0"?>
<domain type="kvm">
  <name>vedge</name>
  <memory unit="KiB">4194304</memory>
  <currentMemory unit="KiB">4194304</currentMemory>
  <vcpu placement="static">4</vcpu>
  <resource>
    <partition>/machine</partition>
  </resource>
  <os>
    <type arch="x86_64" machine="pc-i440fx-trusty">hvm</type>
    <boot dev="hd"/>
  </os>
  <features>
    <acpi/>
    <apic/>
    <pae/>
  </features>
  <!--
Set the CPU mode to host model to leverage all the available features on the host CPU
  -->
  <cpu mode="host-passthrough"/>
  <clock offset="utc"/>
  <on_poweroff>destroy</on_poweroff>
  <on_reboot>restart</on_reboot>
  <on_crash>restart</on_crash>
  <devices>
    <emulator>/usr/bin/kvm-spice</emulator>
    <!--
 Below is the location of the qcow2 disk image
 -->
    <disk type="file" device="disk">
      <driver name="qemu" type="qcow2"/>
      <source file="/var/lib/libvirt/images/edge-VC_KVM_GUEST-x86_64-4.5.1-330-R451-20230112-GA-87923-56811f7b8e-updatable-ext4.qcow2"/>
      <target dev="sda" bus="sata"/>
      <address type="drive" controller="0" bus="0" target="0" unit="0"/>
    </disk>
    <!--
 If using cloud-init to boot up virtual edge, attach the 2nd disk as CD-ROM
 -->
    <disk type="file" device="cdrom">
      <driver name="qemu" type="raw"/>
      <source file="/var/lib/libvirt/images/cloud-init-vedge.iso"/>
      <target dev="sdb" bus="sata"/>
      <readonly/>
      <address type="drive" controller="1" bus="0" target="0" unit="0"/>
    </disk>
    <controller type="usb" index="0">
      <address type="pci" domain="0x0000" bus="0x00" slot="0x01" function="0x2"/>
    </controller>
    <controller type="pci" index="0" model="pci-root"/>
    <controller type="sata" index="0">
      <address type="pci" domain="0x0000" bus="0x00" slot="0x05" function="0x0"/>
    </controller>
    <controller type="ide" index="0">
      <address type="pci" domain="0x0000" bus="0x00" slot="0x01" function="0x1"/>
    </controller>
    <serial type="pty">
      <target port="0"/>
    </serial>
    <console type="pty">
      <target type="serial" port="0"/>
    </console>
    <input type="mouse" bus="ps2"/>
    <input type="keyboard" bus="ps2"/>
    <graphics type="vnc" port="-1" autoport="yes" listen="127.0.0.1">
      <listen type="address" address="127.0.0.1"/>
    </graphics>
    <video>
      <model type="cirrus" vram="9216" heads="1"/>
      <address type="pci" domain="0x0000" bus="0x00" slot="0x02" function="0x0"/>
    </video>
    <memballoon model="virtio">
      <address type="pci" domain="0x0000" bus="0x00" slot="0x06" function="0x0"/>
    </memballoon>
  </devices>
</domain>
